rotten_tomatoes_link,movie_title,critic_name,top_critic,tomatometer_status,review_type,review_year,review_content,gender,genre_list
m/1187621-itty_bitty_titty_committee,Itty Bitty Titty Committee,Leslie Felperin,True,Rotten,Rotten,2007,"Great title, shame about the movie.",mostly_female,"['Comedy', 'Gay & Lesbian']"
m/1187621-itty_bitty_titty_committee,Itty Bitty Titty Committee,Rich Cline,False,Rotten,Fresh,2007,"While the film is engaging, it feels unwilling to really push its themes into provocative territory.",mostly_male,"['Comedy', 'Gay & Lesbian']"
m/1187621-itty_bitty_titty_committee,Itty Bitty Titty Committee,Ernest Hardy,False,Rotten,Fresh,2007,"Writer-director Jamie Babbit's follow-up to But I'm a Cheerleader, while flawed and in need of at least one more script overhaul, is smarter, funnier and more accomplished than its predecessor.",male,"['Comedy', 'Gay & Lesbian']"
m/1187621-itty_bitty_titty_committee,Itty Bitty Titty Committee,Maitland McDonagh,False,Rotten,Rotten,2007,The film's sense of humor is juvenile...,unknown,"['Comedy', 'Gay & Lesbian']"
m/1187621-itty_bitty_titty_committee,Itty Bitty Titty Committee,Andy Klein,False,Rotten,Rotten,2007,The characters are not complex or memorable enough to linger in the mind much past the closing credits.,male,"['Comedy', 'Gay & Lesbian']"
m/1187621-itty_bitty_titty_committee,Itty Bitty Titty Committee,Jay Antani,False,Rotten,Rotten,2007,"trades in platitudes and cliches, for lack of anything distinctive or bold to say",male,"['Comedy', 'Gay & Lesbian']"
m/1187621-itty_bitty_titty_committee,Itty Bitty Titty Committee,Mike McGranaghan,False,Rotten,Rotten,2008,"After 75 minutes of carefully establishing the characters and situations, the film comes up with the single most preposterous ending I've ever witnessed in a motion picture, undermining everything that's come before.",male,"['Comedy', 'Gay & Lesbian']"
m/1213734-ghosted,Ghosted,Jim Slotek,False,Rotten,Rotten,2009,"Feels like an overwritten fringe festival play, performed outdoors, with a single camera recording it for posterity.",male,"['Art House & International', 'Mystery & Suspense', 'Gay & Lesbian']"
m/1213734-ghosted,Ghosted,Steve Ramos,False,Rotten,Rotten,2009,"While longtime Treut admirers may miss the gender politics, explicit sex and lesbian SM content of her best known films, the romantic and lush Ghosted offers First Run a good shot at a wider specialty audience.",male,"['Art House & International', 'Mystery & Suspense', 'Gay & Lesbian']"
m/1213734-ghosted,Ghosted,Joseph Jon Lanthier,False,Rotten,Rotten,2009,A clumsily supernatural mystery that strangely uses the fallible density of flesh as its most underscored symbol.,male,"['Art House & International', 'Mystery & Suspense', 'Gay & Lesbian']"
m/1213734-ghosted,Ghosted,Bryant Frazer,False,Rotten,Rotten,2009,A blandly romantic drama with just the whiff of the otherworldly about it.,male,"['Art House & International', 'Mystery & Suspense', 'Gay & Lesbian']"
m/1213734-ghosted,Ghosted,David Fear,True,Rotten,Rotten,2009,"Monika Treut (Female Misbehavior) has made a fruitful career out of documenting nonfiction gender studies and LGBT anthropology, but her attempt at exploring such issues in a narrative context is clunky to a fault.",male,"['Art House & International', 'Mystery & Suspense', 'Gay & Lesbian']"
m/1213734-ghosted,Ghosted,Frank Scheck,True,Rotten,Rotten,2009,Lesbian and supernatural themes combined to less-than-stellar effect.,male,"['Art House & International', 'Mystery & Suspense', 'Gay & Lesbian']"
m/1213734-ghosted,Ghosted,Vadim Rizov,True,Rotten,Rotten,2009,"Flat visuals, flat script, flat performances: Ghosted is only mildly redeemed by the on-the-ground travelogue footage of Taipei and Hamburg, and I'm being generous.",male,"['Art House & International', 'Mystery & Suspense', 'Gay & Lesbian']"
m/1213734-ghosted,Ghosted,Lou Lumenick,True,Rotten,Rotten,2009,"Clumsily written, mostly in English, with performances to match, the only real mystery surrounding Ghosted is how this soporific bore got made.",mostly_male,"['Art House & International', 'Mystery & Suspense', 'Gay & Lesbian']"
m/1213734-ghosted,Ghosted,Nathan Lee,True,Rotten,Rotten,2009,An elegant but unsatisfying drama of cross-cultural lesbian love triangles.,male,"['Art House & International', 'Mystery & Suspense', 'Gay & Lesbian']"
m/1213734-ghosted,Ghosted,Avi Offer,False,Rotten,Rotten,2009,"Initially intriguing, but tepid romantic drama suffering from an uneven screenplay with stilted dialogue and a distracting, gimmicky ghost story.",male,"['Art House & International', 'Mystery & Suspense', 'Gay & Lesbian']"
m/1213734-ghosted,Ghosted,Kam Williams,False,Rotten,Fresh,2009,A compelling crime saga with supernatural overtones made all the more worthwhile by some spectacular Taipei locales and its celebration of Chinese culture.,male,"['Art House & International', 'Mystery & Suspense', 'Gay & Lesbian']"
m/a_four_letter_word,A Four Letter Word,Tirdad Derakhshani,True,Rotten,Fresh,2007,"[Director] Andreas rescues A Four Letter Word from being merely a raunchy lil' romance by showing how his characters are steeped in a culture of therapy that has filled Americans with endless, compulsive self-analysis and self-doubt.",unknown,"['Comedy', 'Romance', 'Gay & Lesbian']"
m/a_four_letter_word,A Four Letter Word,Dennis Harvey,True,Rotten,Rotten,2007,"The semi-earnest A Four Letter Word comes off like an insular gay sitcom, a la Paul Rudnick's Jeffrey, but without the honed verbal wit.",male,"['Comedy', 'Romance', 'Gay & Lesbian']"
m/a_four_letter_word,A Four Letter Word,Bill Weber,False,Rotten,Rotten,2008,How dismally arch and self-satisfied can a Chelseacore sex comedy get?,male,"['Comedy', 'Romance', 'Gay & Lesbian']"
m/a_four_letter_word,A Four Letter Word,David Noh,False,Rotten,Fresh,2008,There is no denying that Andreas is really trying to say something about the difficulty of real intimacy in a society where easy sex lies in wait on every corner of Manhattan.,male,"['Comedy', 'Romance', 'Gay & Lesbian']"
m/a_four_letter_word,A Four Letter Word,Ken Fox,False,Rotten,Fresh,2008,"Lots of four-letter words get tossed around in Caspar Andreas' naughty sequel to his cheekily titled Slutty Summer, but the scariest one of all is the L word: love.",male,"['Comedy', 'Romance', 'Gay & Lesbian']"
m/a_four_letter_word,A Four Letter Word,Jeannette Catsoulis,True,Rotten,Fresh,2008,A Four Letter Word is a surprisingly endearing romantic comedy that explores gay relationships with low-budget verve.,female,"['Comedy', 'Romance', 'Gay & Lesbian']"
m/a_four_letter_word,A Four Letter Word,Tim Cogshell,False,Rotten,Fresh,2008,"It's always a treat when a movie seems to be exactly the movie that the filmmakers intended to make, and their audience wants to see. It's also a treat when it's a good movie, too.",male,"['Comedy', 'Romance', 'Gay & Lesbian']"
m/a_four_letter_word,A Four Letter Word,Tom Russo,True,Rotten,Rotten,2008,"The film also serves up latte-frothy glimpses of an all-drag bridal shower, an erotic spinning class, and - all of 90 seconds into the proceedings -- naked yoga. Don't forget to bring your wipe-down towel.",male,"['Comedy', 'Romance', 'Gay & Lesbian']"
m/a_four_letter_word,A Four Letter Word,Hank Stuever,True,Rotten,Fresh,2008,"The cliches of bad gay filmmaking were lampooned in 2006's Another Gay Movie. Well, here's another gay movie. Things haven't moved an inch.",male,"['Comedy', 'Romance', 'Gay & Lesbian']"
m/a_four_letter_word,A Four Letter Word,Phil Villarreal,False,Rotten,Fresh,2008,"A gay romantic comedy, witty and charming enough to stand up to any boy-meets-girl date flick in the megaplexes.",male,"['Comedy', 'Romance', 'Gay & Lesbian']"
m/a_four_letter_word,A Four Letter Word,Maureen M. Hart,True,Rotten,Rotten,2008,"Archer's acting is overly arch, but Cory Grant is quite effective as Zeke.",female,"['Comedy', 'Romance', 'Gay & Lesbian']"
m/a_four_letter_word,A Four Letter Word,Sarah Boslaugh,False,Rotten,Fresh,2008,...explores gay life in New York primarily through the eyes of Luke ... who is so busy trying to sparkle that he's made himself into the perfect gay clich.,female,"['Comedy', 'Romance', 'Gay & Lesbian']"
m/a_secret_love,A Secret Love,Carla Renata,False,Certified-Fresh,Fresh,2020,An incredible love story.,female,"['Documentary', 'Gay & Lesbian']"
m/a_secret_love,A Secret Love,Christian Gallichio,False,Certified-Fresh,Fresh,2020,A Secret Love is profound.,male,"['Documentary', 'Gay & Lesbian']"
m/a_secret_love,A Secret Love,Catherine Springer,False,Certified-Fresh,Fresh,2020,"A Secret Love still manages to tug at every single heartstring. Pat and Terry had a legitimate love story, one for the ages, and it's one we all should experience, in all its tenderness and fortitude.",female,"['Documentary', 'Gay & Lesbian']"
m/a_secret_love,A Secret Love,Guy Lodge,True,Certified-Fresh,Fresh,2020,"At once a misty-eyed romance and a harsh depiction of the practical and emotional challenges of giving up independent living, ""A Secret Love"" isn't subtle in its Kleenex-clutching tactics... but it's certainly effective.",male,"['Documentary', 'Gay & Lesbian']"
m/a_secret_love,A Secret Love,Christopher Llewellyn Reed,False,Certified-Fresh,Fresh,2020,It's a beautiful thing.,male,"['Documentary', 'Gay & Lesbian']"
m/a_secret_love,A Secret Love,Steve Pond,True,Certified-Fresh,Fresh,2020,"Affecting at times and downright tear-jerking at others, their story is tied to the saga of gay life in America over the past 70-+ years.",male,"['Documentary', 'Gay & Lesbian']"
m/a_secret_love,A Secret Love,Mick LaSalle,True,Certified-Fresh,Fresh,2020,Everyone who sees this film will have their own favorite moments.,male,"['Documentary', 'Gay & Lesbian']"
m/a_secret_love,A Secret Love,Liam Lacey,False,Certified-Fresh,Fresh,2020,"Like any great romance, A Secret Love is made more piquant by the personality differences between the two women. But they connect with a powerful bond.",male,"['Documentary', 'Gay & Lesbian']"
m/a_secret_love,A Secret Love,Brian Lowry,True,Certified-Fresh,Fresh,2020,"A Secret Love stands out by being sweetly understated, at a time when that's especially welcome. It's a deeply felt testament to both the strength of this couple's bond, and the fragility and hard choices that often come at the end of a lifetime.",male,"['Documentary', 'Gay & Lesbian']"
m/a_secret_love,A Secret Love,Tomris Laffly,True,Certified-Fresh,Fresh,2020,"There is no crying in baseball, but you might just be reduced to a puddle of tears while watching Bolan's film, which finally brings the duo's love out of the shadows and gives it a long-overdue chance to shine freely.",unknown,"['Documentary', 'Gay & Lesbian']"
m/a_secret_love,A Secret Love,Cath Clarke,True,Certified-Fresh,Fresh,2020,"""There's no crying in baseball!"" Tom Hanks's grumpy coach said in A League of Their Own, but I was bawling my eyes out watching this film.",female,"['Documentary', 'Gay & Lesbian']"
m/a_secret_love,A Secret Love,Robyn Bahr,True,Certified-Fresh,Fresh,2020,"Tender without being cloying, naturalistic without seeming contrived, A Secret Love may be the ideal antidote to your least-favorite queer tropes.",female,"['Documentary', 'Gay & Lesbian']"
m/a_secret_love,A Secret Love,Natalia Winkelman,True,Certified-Fresh,Fresh,2020,"It is a compliment that ""A Secret Love,"" which runs under an hour and a half, could stand to be longer, with an expanded portrait of Terry and Pat's early life as a couple.",female,"['Documentary', 'Gay & Lesbian']"
m/a_secret_love,A Secret Love,Barbara Shulgasser,False,Certified-Fresh,Fresh,2020,Docu about women forced to hide relationship for 70 years.,female,"['Documentary', 'Gay & Lesbian']"
m/a_secret_love,A Secret Love,Stephanie Zacharek,True,Certified-Fresh,Fresh,2020,It's enraging that society made them feel they had to hide. But their happiness is the ultimate triumph.,female,"['Documentary', 'Gay & Lesbian']"
m/a_secret_love,A Secret Love,Andrea G. Bermejo,False,Certified-Fresh,Fresh,2020,The past in A Secret Love ends up being an anecdotal and colorful backdrop against Terry and [Pat]'s present plot. [Full review in Spanish],female,"['Documentary', 'Gay & Lesbian']"
m/a_secret_love,A Secret Love,Alci Rengifo,False,Certified-Fresh,Fresh,2020,"""A Secret Love,"" with its nostalgic tone flows like a recap of lives. To [Chris] Bolan's credit it's full of both admiration but honesty as well.",unknown,"['Documentary', 'Gay & Lesbian']"
m/a_secret_love,A Secret Love,John Serba,False,Certified-Fresh,Fresh,2020,"If you want a universal treatise on the enduring nature of true love, this is it.",male,"['Documentary', 'Gay & Lesbian']"
m/a_secret_love,A Secret Love,Anna Menta,False,Certified-Fresh,Fresh,2020,"The film is a history lesson, a love story, and a family drama all wrapped up into an 82-minute documentary. And it is beautiful.",female,"['Documentary', 'Gay & Lesbian']"
m/a_secret_love,A Secret Love,Dennis Schwartz,False,Certified-Fresh,Fresh,2020,Fascinating bittersweet love story documentary on a lesbian relationship.,male,"['Documentary', 'Gay & Lesbian']"
m/a_secret_love,A Secret Love,Chris Knight,False,Certified-Fresh,Fresh,2020,"Amazing but wonderful, for despite feeling like interlopers, audiences will learn much about the family dynamic here...",mostly_male,"['Documentary', 'Gay & Lesbian']"
m/a_secret_love,A Secret Love,Elsa Fernández-Santos,False,Certified-Fresh,Fresh,2020,"Beyond the interesting social context, the value of Bolan's film is in the particularities of the story it tells. [Full Review in Spanish]",female,"['Documentary', 'Gay & Lesbian']"
m/a_secret_love,A Secret Love,Roger Moore,False,Certified-Fresh,Fresh,2020,"Bolan gets a very sweet film out of a story where we never doubt, for a second, a happy ending.",male,"['Documentary', 'Gay & Lesbian']"
m/a_secret_love,A Secret Love,Lael Loewenstein,False,Certified-Fresh,Fresh,2020,"This is such a good movie, not just because of its portrait of these two women who had a closeted love affair for so many years... There is [also] an extremely poignant part of the film which is just how difficult it is to deal with elder care.",unknown,"['Documentary', 'Gay & Lesbian']"
m/a_secret_love,A Secret Love,Jude Dry,True,Certified-Fresh,Fresh,2020,"""A Secret Love"" is full of the kind of gentle ribbing and loving chuckles one would expect from any adorable old couple, but it's made all the more poignant by the fact of Pat and Terry's trailblazing personal histories.",mostly_male,"['Documentary', 'Gay & Lesbian']"
m/a_secret_love,A Secret Love,Louise Burrell,False,Certified-Fresh,Fresh,2020,"A Secret Love is an exquisitely crafted documentary, intimate without ever losing sight of the incredible struggle that these two women and countless other couples went through. This is a personal story on a universal scale.",female,"['Documentary', 'Gay & Lesbian']"
m/a_secret_love,A Secret Love,Rachel Wagner,False,Certified-Fresh,Fresh,2020,Enjoyed the history parts more than the current parts but worth watching,female,"['Documentary', 'Gay & Lesbian']"
m/a_secret_love,A Secret Love,Susan Wloszczyna,False,Certified-Fresh,Fresh,2020,"To Bolan, we get to see the ladies in their glorious, vibrant youth as career gals in the big city and one cherished piece of footage of the two women frolicking in ridiculously garish cone-shaped hats on the beach.",female,"['Documentary', 'Gay & Lesbian']"
m/a_secret_love,A Secret Love,André Hereford,False,Certified-Fresh,Fresh,2020,"A Secret Love is in a league of its own documenting the history, love story, and struggles of two pioneering lesbians.",male,"['Documentary', 'Gay & Lesbian']"
m/a_secret_love,A Secret Love,Taryn Allen,True,Certified-Fresh,Fresh,2020,"The Chicago-based documentary expertly weaves together LGBTQ history, baseball, and the ups and downs of loving someone for a lifetime.",female,"['Documentary', 'Gay & Lesbian']"
m/a_secret_love,A Secret Love,Peter Canavese,False,Certified-Fresh,Fresh,2020,Enough elements kicking around in it to keep it pretty interesting for its whole running time.,male,"['Documentary', 'Gay & Lesbian']"
m/a_secret_love,A Secret Love,Katie Walsh,True,Certified-Fresh,Fresh,2020,"""A Secret Love"" weaves the couple's remarkable life story into a sensitive and intimate depiction of the two navigating the realities of growing older together...",female,"['Documentary', 'Gay & Lesbian']"
m/a_secret_love,A Secret Love,David 'Mad Dog' Bradley,False,Certified-Fresh,Fresh,2020,"So subtle yet so moving, and really one of the best recent movies to hit Netflix...",male,"['Documentary', 'Gay & Lesbian']"
m/a_secret_love,A Secret Love,Lindsey Bahr,True,Certified-Fresh,Fresh,2020,"""A Secret Love"" is guaranteed to pull at your heartstrings.",mostly_female,"['Documentary', 'Gay & Lesbian']"
m/a_secret_love,A Secret Love,Pat Mullen,False,Certified-Fresh,Fresh,2020,A Secret Love is a refreshingly intimate and sweet romance. Bolan's film is also a welcome celebration of marriage equality that is hard fought and well deserved.,andy,"['Documentary', 'Gay & Lesbian']"
m/a_secret_love,A Secret Love,Alexandra MacAaron,False,Certified-Fresh,Fresh,2020,"There is nothing but respect and genuine affection here. If anything, the film evokes a sense of admiration and wonder for any couple that can maintain the love and sense of sheer joy for and about each other.",female,"['Documentary', 'Gay & Lesbian']"
m/a_secret_love,A Secret Love,Brooke Daugherty,False,Certified-Fresh,Fresh,2020,Imagine living with the love of your life for 60+ years & not telling your family? Ryan Murphy produced this Netflix documentary about a lesbian baseball player & her partner.,female,"['Documentary', 'Gay & Lesbian']"
m/a_secret_love,A Secret Love,Brian Bromberger,False,Certified-Fresh,Fresh,2020,"To those who believe same-sex relationships are inferior or dissimilar to straight ones, they need only watch Secret Love to be otherwise convinced.",male,"['Documentary', 'Gay & Lesbian']"
m/a_secret_love,A Secret Love,Lauren Bradshaw,False,Certified-Fresh,Fresh,2020,"A Secret Love beautifully shows that despite society's homophobia that made Pat and Terry feel they had to hide their 70+ year relationship, love ultimately prevailed.",mostly_female,"['Documentary', 'Gay & Lesbian']"
m/a_secret_love,A Secret Love,Jonathon Wilson,False,Certified-Fresh,Fresh,2020,It's a wholesome and lovely film and an undeniable crowd-pleaser well-suited to a streaming release - perhaps even more so than its planned debut at the canceled SXSW festival.,male,"['Documentary', 'Gay & Lesbian']"
m/a_secret_love,A Secret Love,Diego Batlle,False,Certified-Fresh,Fresh,2020,"Luminous, simple, amd irresistible. [Full Review in Spanish]",male,"['Documentary', 'Gay & Lesbian']"
m/a_secret_love,A Secret Love,Carla Hay,False,Certified-Fresh,Fresh,2020,"The movie is ultimately a testament to long-lasting true love that can withstand prejudice, family conflicts, and other life challenges that can often tear couples apart.",female,"['Documentary', 'Gay & Lesbian']"
m/all_over_the_guy,All Over the Guy,Ed Gonzalez,False,Rotten,Rotten,2001,Forgets to iron out the kinks that make the straight romantic comedies feel like tediously long television sitcoms.,male,"['Comedy', 'Drama', 'Romance', 'Gay & Lesbian']"
m/all_over_the_guy,All Over the Guy,Frank Swietek,False,Rotten,Rotten,2001,Little more than ninety minutes of bitchy dialogue leading up to a phonily dramatic outburst which purports to tie everything up in laughter and tears.,male,"['Comedy', 'Drama', 'Romance', 'Gay & Lesbian']"
m/all_over_the_guy,All Over the Guy,David Noh,False,Rotten,Fresh,2001,"Very L.A., but in a good way: bright, fast and always informed, with a certain bitterness beneath the glossy surface.",male,"['Comedy', 'Drama', 'Romance', 'Gay & Lesbian']"
m/all_over_the_guy,All Over the Guy,Edward Crouse,True,Rotten,Rotten,2001,A painfully earnest case of generic romance spiced with queerness.,male,"['Comedy', 'Drama', 'Romance', 'Gay & Lesbian']"
m/all_over_the_guy,All Over the Guy,Dave White,False,Rotten,Fresh,2001,It makes more sense than the usual slop that gay audiences get stuck watching.,male,"['Comedy', 'Drama', 'Romance', 'Gay & Lesbian']"
m/all_over_the_guy,All Over the Guy,Kevin Maynard,True,Rotten,Fresh,2001,"Loaded with smart, sarcastic one-liners and clever potshots at sexless studio movies like In & Out.",male,"['Comedy', 'Drama', 'Romance', 'Gay & Lesbian']"
m/all_over_the_guy,All Over the Guy,Rod Armstrong,False,Rotten,Fresh,2001,"A mostly winning, charming, and intelligent entry in the genre.",male,"['Comedy', 'Drama', 'Romance', 'Gay & Lesbian']"
m/all_over_the_guy,All Over the Guy,Lou Lumenick,True,Rotten,Rotten,2001,"All four characters are obnoxious, self-absorbed Southern California clichs.",mostly_male,"['Comedy', 'Drama', 'Romance', 'Gay & Lesbian']"
m/all_over_the_guy,All Over the Guy,Michael Tunison,False,Rotten,Fresh,2001,Has enough flashes of whippy humor to pep up what otherwise might have been a routine boy-meets-boy tale.,male,"['Comedy', 'Drama', 'Romance', 'Gay & Lesbian']"
m/all_over_the_guy,All Over the Guy,David Hunter,True,Rotten,Rotten,2001,"Another movie about relationships, but not an especially successful, original or involving one.",male,"['Comedy', 'Drama', 'Romance', 'Gay & Lesbian']"
m/all_over_the_guy,All Over the Guy,Dave Kehr,True,Rotten,Rotten,2001,There isn't much to separate All Over the Guy from the great mass of indie dating comedies.,male,"['Comedy', 'Drama', 'Romance', 'Gay & Lesbian']"
m/all_over_the_guy,All Over the Guy,MaryAnn Johanson,False,Rotten,Fresh,2001,This is a love story in which all of us will recognize a little bit of ourselves.,unknown,"['Comedy', 'Drama', 'Romance', 'Gay & Lesbian']"
m/all_over_the_guy,All Over the Guy,Andy Klein,False,Rotten,Fresh,2001,"It's better than the recent Hit and Runway, and not as good as Jeffrey, which still puts it in the top third.",male,"['Comedy', 'Drama', 'Romance', 'Gay & Lesbian']"
m/all_over_the_guy,All Over the Guy,Wesley Morris,True,Rotten,Rotten,2001,"If you want to watch a gaggle of pretty faux-neurotic people hang out and throw quips, you're probably better off watching Friends.",male,"['Comedy', 'Drama', 'Romance', 'Gay & Lesbian']"
m/all_over_the_guy,All Over the Guy,Bilge Ebiri,False,Rotten,Rotten,2001,Badly acted and humorless.,female,"['Comedy', 'Drama', 'Romance', 'Gay & Lesbian']"
m/all_over_the_guy,All Over the Guy,Kevin Thomas,True,Rotten,Fresh,2001,A romantic comedy of wit and substance.,male,"['Comedy', 'Drama', 'Romance', 'Gay & Lesbian']"
m/all_over_the_guy,All Over the Guy,Rob Blackwelder,False,Rotten,Rotten,2001,"Spirited and reliably funny...but it just feels so workaday, like a sitcom in its fifth season, that nothing much about it stands out.",male,"['Comedy', 'Drama', 'Romance', 'Gay & Lesbian']"
m/all_over_the_guy,All Over the Guy,Joe Leydon,True,Rotten,Fresh,2001,Bucatinsky and Ruccolo are sufficiently ingratiating to sustain interest and amusement.,male,"['Comedy', 'Drama', 'Romance', 'Gay & Lesbian']"
m/all_over_the_guy,All Over the Guy,Loren King,True,Rotten,Rotten,2001,"It's light and fun, with some peppy dialogue, but it's also sentimental and predictable.",mostly_male,"['Comedy', 'Drama', 'Romance', 'Gay & Lesbian']"
m/all_over_the_guy,All Over the Guy,Moira MacDonald,True,Rotten,Rotten,2001,Call it a pleasant near-miss.,female,"['Comedy', 'Drama', 'Romance', 'Gay & Lesbian']"
m/all_over_the_guy,All Over the Guy,Paula Nechak,False,Rotten,Rotten,2001,Leaves an acrid taste with the viewer who sits through its long and winding tale of tortured courtship.,female,"['Comedy', 'Drama', 'Romance', 'Gay & Lesbian']"
m/all_over_the_guy,All Over the Guy,Claire Bickley,False,Rotten,Rotten,2001,Plays like a triple-length episode of Friends in which the characters are all in particularly bad moods.,female,"['Comedy', 'Drama', 'Romance', 'Gay & Lesbian']"
m/all_over_the_guy,All Over the Guy,Rick Groen,True,Rotten,Rotten,2001,The principals begin to lose any distinction and soon start sounding exactly the same.,male,"['Comedy', 'Drama', 'Romance', 'Gay & Lesbian']"
m/all_over_the_guy,All Over the Guy,Stephen Tropiano,False,Rotten,Rotten,2001,"If All Over the Guy is any indication of what Hollywood has in store for gay relationships, it looks like gay men and lesbians will be receiving the same shallow treatment as their heterosexual counterparts.",male,"['Comedy', 'Drama', 'Romance', 'Gay & Lesbian']"
m/all_over_the_guy,All Over the Guy,Desson Thomson,True,Rotten,Fresh,2001,The movie's entertaining for some wickedly funny situations and witticisms.,unknown,"['Comedy', 'Drama', 'Romance', 'Gay & Lesbian']"
m/all_over_the_guy,All Over the Guy,David Elliott,False,Rotten,Rotten,2001,"So it goes, snagging every tripwire of pert banality and ditzy knowingness.",male,"['Comedy', 'Drama', 'Romance', 'Gay & Lesbian']"
m/all_over_the_guy,All Over the Guy,Walter Chaw,False,Rotten,Rotten,2001,Bucatinsky has presented gay characters every bit as theatrically neurotic and precious as their straight counterparts.,male,"['Comedy', 'Drama', 'Romance', 'Gay & Lesbian']"
m/all_over_the_guy,All Over the Guy,Eric Harrison,True,Rotten,Rotten,2001,"Probably plays better on the stage. On film, the dialogue sometimes seems too writerly, too cute.",male,"['Comedy', 'Drama', 'Romance', 'Gay & Lesbian']"
m/all_over_the_guy,All Over the Guy,Desmond Ryan,True,Rotten,Fresh,2001,A nicely turned and witty screenplay from Bucatinsky.,male,"['Comedy', 'Drama', 'Romance', 'Gay & Lesbian']"
m/all_over_the_guy,All Over the Guy,Joe Baltake,False,Rotten,Fresh,2001,"As one predictable scene follows another, it becomes progressively more likable and more watchable.",male,"['Comedy', 'Drama', 'Romance', 'Gay & Lesbian']"
m/all_over_the_guy,All Over the Guy,Jay Carr,True,Rotten,Rotten,2001,Sweet but often tedious.,male,"['Comedy', 'Drama', 'Romance', 'Gay & Lesbian']"
m/all_over_the_guy,All Over the Guy,Jane Sumner,True,Rotten,Fresh,2001,"It may not be totally fresh and original, but All Over the Guy is nearly void of gay stereotypes.",female,"['Comedy', 'Drama', 'Romance', 'Gay & Lesbian']"
m/all_over_the_guy,All Over the Guy,Terry Lawson,True,Rotten,Rotten,2001,"It is not a surprise to learn that Bucatinsky is developing a sitcom based on this film, because it plays like an overly long pilot.",mostly_male,"['Comedy', 'Drama', 'Romance', 'Gay & Lesbian']"
m/all_over_the_guy,All Over the Guy,Chris Hewitt,False,Rotten,Rotten,2001,"Much of the dialogue is sharp, but All Over is undone by melodrama, an overly familiar story and characters who seem more like stand-up comedians as they rattle off lines like, 'The self-pity bus stops right in front of my building. Get on it.'",mostly_male,"['Comedy', 'Drama', 'Romance', 'Gay & Lesbian']"
m/all_over_the_guy,All Over the Guy,Kim Morgan,False,Rotten,Fresh,2001,A nice little movie.,mostly_female,"['Comedy', 'Drama', 'Romance', 'Gay & Lesbian']"
m/all_over_the_guy,All Over the Guy,Robert W. Butler,False,Rotten,Rotten,2001,"It says nothing new, but it says it painlessly.",male,"['Comedy', 'Drama', 'Romance', 'Gay & Lesbian']"
m/all_over_the_guy,All Over the Guy,Ted Murphy,False,Rotten,Fresh,2001,"There are no recriminations, and no one is struggling with the issue of ""coming out."" In fact, being gay is treated as nothing out of the ordinary.",male,"['Comedy', 'Drama', 'Romance', 'Gay & Lesbian']"
m/all_over_the_guy,All Over the Guy,Scott Weinberg,False,Rotten,Fresh,2002,"All Over the Guy, while by no means a groundbreaking piece of cinema, is a breezy and fun romantic comedy.",male,"['Comedy', 'Drama', 'Romance', 'Gay & Lesbian']"
m/all_over_the_guy,All Over the Guy,JoBlo,False,Rotten,Rotten,2002,I guess it's a middle of the road romantic comedy... featuring gay men!,unknown,"['Comedy', 'Drama', 'Romance', 'Gay & Lesbian']"
m/all_over_the_guy,All Over the Guy,Ernest Hardy,False,Rotten,Rotten,2002,"Sitcom humor substitutes for wit, and tedious angst supplies the drama.",male,"['Comedy', 'Drama', 'Romance', 'Gay & Lesbian']"
m/all_over_the_guy,All Over the Guy,Ken Hanke,False,Rotten,Fresh,2004,A funny and warm little film that really deserved more attention than it got.,male,"['Comedy', 'Drama', 'Romance', 'Gay & Lesbian']"
m/all_over_the_guy,All Over the Guy,Caffeinated Clint,False,Rotten,Fresh,2006,"Better than ""The Opposite of Sex"", all-round good fun!",unknown,"['Comedy', 'Drama', 'Romance', 'Gay & Lesbian']"
m/all_over_the_guy,All Over the Guy,Blake French,False,Rotten,Fresh,2009,This isn't another one of those annoying gay rights movies -- it just wants to have fun.,mostly_male,"['Comedy', 'Drama', 'Romance', 'Gay & Lesbian']"
m/another_gay_movie,Another Gay Movie,Donald Munro,False,Rotten,Rotten,2006,"Move over, American Pie and Road Trip: There's a new sheriff in town, and he's wearing leather chaps.",male,"['Comedy', 'Gay & Lesbian']"
m/another_gay_movie,Another Gay Movie,Kam Williams,False,Rotten,Fresh,2007,Mostly likely to appeal to an audience that would enjoy seeing a typical teensploit where the script flips the sexual preferences.,male,"['Comedy', 'Gay & Lesbian']"
m/another_gay_movie,Another Gay Movie,Brian Orndorf,False,Rotten,Rotten,2017,"Stephens works much too hard for ""Another Gay Movie"" to simply land a few scattered titters.",male,"['Comedy', 'Gay & Lesbian']"
m/art_of_being_straight,The Art of Being Straight,Bill Weber,False,Rotten,Rotten,2009,"Structured like a comedy, but outfitted with only the most tedious sexual-identity riffs, generic characterizations, and no singular point of view.",male,"['Comedy', 'Drama', 'Gay & Lesbian']"
m/art_of_being_straight,The Art of Being Straight,Anna King,True,Rotten,Rotten,2009,"Being straight is hard to do in this brief, ponderous mumblecore flick.",female,"['Comedy', 'Drama', 'Gay & Lesbian']"
m/art_of_being_straight,The Art of Being Straight,Ernest Hardy,True,Rotten,Rotten,2009,The psychologically flat script isn't nearly up to the task of depicting the pleasure within confusion/despair (or vice versa); neither are Rosen's acting chops.,male,"['Comedy', 'Drama', 'Gay & Lesbian']"
m/art_of_being_straight,The Art of Being Straight,Fr. Chris Carpenter,False,Rotten,Fresh,2009,"The director's inexperience shows at times...but his writing and acting are fine. Indeed, everyone in the cast is quite good.",unknown,"['Comedy', 'Drama', 'Gay & Lesbian']"
m/art_of_being_straight,The Art of Being Straight,Dennis Harvey,True,Rotten,Fresh,2009,A low-key comedy high on charm and credible twentysomething observation.,male,"['Comedy', 'Drama', 'Gay & Lesbian']"
m/art_of_being_straight,The Art of Being Straight,Frank Scheck,True,Rotten,Rotten,2009,The title is the cleverest thing about this minor indie portrait of sexual confusion.,male,"['Comedy', 'Drama', 'Gay & Lesbian']"
m/art_of_being_straight,The Art of Being Straight,Jeannette Catsoulis,True,Rotten,Fresh,2009,"Smart without being smart-alecky, Mr. Rosen's writing avoids the aggressive cleverness and gummy politics of many similarly themed movies, focusing instead on realistic dialogue and low-key interaction.",female,"['Comedy', 'Drama', 'Gay & Lesbian']"
m/art_of_being_straight,The Art of Being Straight,Avi Offer,False,Rotten,Rotten,2009,"Mildly engaging with an initially intriguing premise and brief moments of wittiness, but ultimately falls flat as a drama. Its bland protagonist, along with a lazy, unimaginative screenplay, leaves you feeling unmoved and underwhelmed.",male,"['Comedy', 'Drama', 'Gay & Lesbian']"
m/better_than_chocolate,Better than Chocolate,Dak,False,Rotten,Fresh,2000,Enjoyable to watch and worth going to see,unknown,"['Art House & International', 'Comedy', 'Romance', 'Gay & Lesbian']"
m/better_than_chocolate,Better than Chocolate,Jeffrey Westhoff,False,Rotten,Rotten,2002,The makers of gay-themed films often ignore this rule: Romantic comedy clichs don't become innovative just because the lovers are the same sex.,male,"['Art House & International', 'Comedy', 'Romance', 'Gay & Lesbian']"
m/better_than_chocolate,Better than Chocolate,Martin Scribbs,False,Rotten,Fresh,2004,"Better Than Chocolate is warm and loving, if not partcularly wise or nuanced.",male,"['Art House & International', 'Comedy', 'Romance', 'Gay & Lesbian']"
m/better_than_chocolate,Better than Chocolate,Michael Dequina,False,Rotten,Rotten,2006,"Plays like a 'very special episode' of a sitcom. That is, one with explicit nudity and sex.",male,"['Art House & International', 'Comedy', 'Romance', 'Gay & Lesbian']"
m/better_than_chocolate,Better than Chocolate,David Noh,False,Rotten,Fresh,2006,"Anne Wheeler's sexy, funny, poignant film, from a bright script by Peggy Thompson, is a real charmer, with considerable brains.",male,"['Art House & International', 'Comedy', 'Romance', 'Gay & Lesbian']"
m/better_than_chocolate,Better than Chocolate,David Ehrenstein,False,Rotten,Rotten,2017,"... for those looking for more, they'll have to tell the filmmaking chefs to put something other than Chocolate on the menu.",male,"['Art House & International', 'Comedy', 'Romance', 'Gay & Lesbian']"
m/better_than_chocolate,Better than Chocolate,Catherine Graham,False,Rotten,Fresh,2020,Better Than Chocolate depicts the universal humor in the acts of seduction and coupling.,female,"['Art House & International', 'Comedy', 'Romance', 'Gay & Lesbian']"
m/between_love_and_goodbye,Between Love & Goodbye,Lou Lumenick,True,Rotten,Rotten,2009,A dreary gay soap opera.,mostly_male,"['Drama', 'Gay & Lesbian']"
m/between_love_and_goodbye,Between Love & Goodbye,Nathan Lee,True,Rotten,Rotten,2009,"Between Love & Goodbye tells of the ill-fated romance between a pair of East Village transplants with 2 percent body fat, zero personality and even less chemistry.",male,"['Drama', 'Gay & Lesbian']"
m/between_love_and_goodbye,Between Love & Goodbye,Avi Offer,False,Rotten,Rotten,2009,"With a more organic and witty screenplay, Between Love & Goodbye would have been much more engaging rather than often dull, contrived and unmoving.",male,"['Drama', 'Gay & Lesbian']"
m/between_love_and_goodbye,Between Love & Goodbye,Ronnie Scheib,True,Rotten,Fresh,2009,"Helmer-scripter Casper Andreas, whose previous credits (Slutty Summer, A Four Letter Word) adhered firmly and flamboyantly to the comedic, seems to have hit his stride with the operatic excesses of melodrama.",mostly_male,"['Drama', 'Gay & Lesbian']"
m/between_love_and_goodbye,Between Love & Goodbye,Kevin Thomas,True,Rotten,Fresh,2009,"Between Love & Goodbye is a well-made and absorbing cautionary tale. Performances are first-rate, and Jon Fordham's cinematography glows.",male,"['Drama', 'Gay & Lesbian']"
m/between_love_and_goodbye,Between Love & Goodbye,Don Willmott,False,Rotten,Rotten,2009,lacks professional polish,male,"['Drama', 'Gay & Lesbian']"
m/big_eden,Big Eden,Steve Rhodes,False,Fresh,Fresh,2001,"Beautifully filmed and warmly scored, the movie is a treat for the eyes and ears.",male,"['Comedy', 'Drama', 'Romance', 'Gay & Lesbian']"
m/big_eden,Big Eden,Joe Leydon,False,Fresh,Fresh,2001,An engaging and generous-spirited romantic comedy.,male,"['Comedy', 'Drama', 'Romance', 'Gay & Lesbian']"
m/big_eden,Big Eden,Carla Meyer,True,Fresh,Fresh,2001,"A big, warm embrace of a picture.",female,"['Comedy', 'Drama', 'Romance', 'Gay & Lesbian']"
m/big_eden,Big Eden,Rod Armstrong,False,Fresh,Fresh,2001,A low-key charmer.,male,"['Comedy', 'Drama', 'Romance', 'Gay & Lesbian']"
m/big_eden,Big Eden,David Ehrenstein,False,Fresh,Fresh,2001,Has all the crowd-pleasing elements moviegoers respond to.,male,"['Comedy', 'Drama', 'Romance', 'Gay & Lesbian']"
m/big_eden,Big Eden,Kevin Thomas,True,Fresh,Fresh,2001,"An accomplished heart-tugger, a serious romantic comedy that tackles two dilemmas with honesty and compassion.",male,"['Comedy', 'Drama', 'Romance', 'Gay & Lesbian']"
m/big_eden,Big Eden,Dave White,False,Fresh,Fresh,2001,"I'd call it the gay date movie of the year, but it's so heart-tugging that straight people ought to be in on it, too.",male,"['Comedy', 'Drama', 'Romance', 'Gay & Lesbian']"
m/big_eden,Big Eden,Mary F. Pols,False,Fresh,Rotten,2001,"Except for its gay characters, Big Eden doesn't deviate from tired romantic comedies about heroes who don't know what's good for them.",mostly_female,"['Comedy', 'Drama', 'Romance', 'Gay & Lesbian']"
m/big_eden,Big Eden,Bruce Westbrook,True,Fresh,Fresh,2001,It's got solid performances by a strong cast.,male,"['Comedy', 'Drama', 'Romance', 'Gay & Lesbian']"
m/big_eden,Big Eden,Paula Nechak,False,Fresh,Fresh,2001,A certifiable crowd-pleaser.,female,"['Comedy', 'Drama', 'Romance', 'Gay & Lesbian']"
m/big_eden,Big Eden,Michael Wilmington,True,Fresh,Rotten,2001,Bezucha has drained the movie not only of bigotry but also of dramatic conflict.,male,"['Comedy', 'Drama', 'Romance', 'Gay & Lesbian']"
m/big_eden,Big Eden,John Hartl,True,Fresh,Fresh,2001,It's a sweet movie.,male,"['Comedy', 'Drama', 'Romance', 'Gay & Lesbian']"
m/big_eden,Big Eden,Arthur Salm,False,Fresh,Fresh,2001,"It's a love story in a land of enchantment, all the more affecting because everything looks like this place and this time.",male,"['Comedy', 'Drama', 'Romance', 'Gay & Lesbian']"
m/big_eden,Big Eden,Brandon Judell,False,Fresh,Fresh,2001,"As for ""Big Eden,"" even with its several situation comedy set-ups and leaps of logic, you can't help but be moved by your visit here.",male,"['Comedy', 'Drama', 'Romance', 'Gay & Lesbian']"
m/big_eden,Big Eden,Roger Ebert,True,Fresh,Rotten,2001,"When you lay it on too thick, the audience is distracted by implausibility rather than identifying with the characters.",male,"['Comedy', 'Drama', 'Romance', 'Gay & Lesbian']"
m/big_eden,Big Eden,Kevin Maynard,True,Fresh,Fresh,2001,"Yet, for all the film's slow spots, it's impossible not to be moved by Henry and Pike's blossoming romance, thanks especially to Gross and Schweig's charming lead performances.",male,"['Comedy', 'Drama', 'Romance', 'Gay & Lesbian']"
m/big_eden,Big Eden,Robert Horton,True,Fresh,Fresh,2001,The dialogue crackles happily and the performances charm.,male,"['Comedy', 'Drama', 'Romance', 'Gay & Lesbian']"
m/big_eden,Big Eden,Frank Swietek,False,Fresh,Rotten,2001,"However well-intentioned it might be, the script is pretty much a collection of cliches.",male,"['Comedy', 'Drama', 'Romance', 'Gay & Lesbian']"
m/big_eden,Big Eden,Jane Sumner,True,Fresh,Rotten,2001,"In his first time out as a writer-director, Mr. Bezucha, formerly in charge of creative design for Polo/Ralph Lauren and Coach, drags his feet, pops corn and sometimes stumbles.",female,"['Comedy', 'Drama', 'Romance', 'Gay & Lesbian']"
m/big_eden,Big Eden,Mark Holcomb,True,Fresh,Rotten,2001,There's something vaguely irresponsible about the movie's navet.,male,"['Comedy', 'Drama', 'Romance', 'Gay & Lesbian']"
m/big_eden,Big Eden,Frederic and Mary Ann Brussat,False,Fresh,Fresh,2001,A heart-affecting gay romantic drama that unabashedly celebrates community as the ideal milieu for bringing out the best in people.,male,"['Comedy', 'Drama', 'Romance', 'Gay & Lesbian']"
m/big_eden,Big Eden,Stephen Miller,False,Fresh,Fresh,2001,Warm and fuzzy.,male,"['Comedy', 'Drama', 'Romance', 'Gay & Lesbian']"
m/big_eden,Big Eden,Dave Kehr,True,Fresh,Rotten,2001,Bezucha demonstrates a strange genius for dragging out the inevitable.,male,"['Comedy', 'Drama', 'Romance', 'Gay & Lesbian']"
m/big_eden,Big Eden,Jonathan Foreman,True,Fresh,Fresh,2001,"Genuinely funny and moving, without a single cloying moment.",male,"['Comedy', 'Drama', 'Romance', 'Gay & Lesbian']"
m/big_eden,Big Eden,Michele McCole Moss,False,Fresh,Fresh,2001,This fairy tale wraps up the audience without missing the drama of small town politics.,female,"['Comedy', 'Drama', 'Romance', 'Gay & Lesbian']"
m/big_eden,Big Eden,Scott Heller,True,Fresh,Fresh,2001,"In its gentle, heartwarming, decidedly unrealistic way, it's a refreshing alternative to hipper-than-thou moviemaking.",male,"['Comedy', 'Drama', 'Romance', 'Gay & Lesbian']"
m/big_eden,Big Eden,David Noh,False,Fresh,Fresh,2001,"Big Eden has a simple enough plot, but first-time writer-director Thomas Bezucha has endowed it with the twinkly winsomeness of a fairy tale.",male,"['Comedy', 'Drama', 'Romance', 'Gay & Lesbian']"
m/big_eden,Big Eden,Jay Boyar,True,Fresh,Rotten,2001,A story about characters who are so extremely closeted that their deepest feelings often remain a secret even to the audience.,male,"['Comedy', 'Drama', 'Romance', 'Gay & Lesbian']"
m/big_eden,Big Eden,Susan Walker,True,Fresh,Rotten,2001,"It is annoyingly preposterous, corny where it could be comedic, sappy where it could be uplifting.",female,"['Comedy', 'Drama', 'Romance', 'Gay & Lesbian']"
m/big_eden,Big Eden,Claire Bickley,False,Fresh,Fresh,2001,"This may be a date movie with enough quiet charm to appeal to anybody, straight, gay or, like Dean, undecided.",female,"['Comedy', 'Drama', 'Romance', 'Gay & Lesbian']"
m/big_eden,Big Eden,Elias Savada,False,Fresh,Fresh,2001,"...a funny coming-of-age romantic romp set in the Montana timberwoods, a thousand miles from nowhere.... A sure fire audience pleaser.",male,"['Comedy', 'Drama', 'Romance', 'Gay & Lesbian']"
m/big_eden,Big Eden,Jon Popick,False,Fresh,Rotten,2001,Nothing more than a small-town gay love triangle with no antagonist and very little conflict.,male,"['Comedy', 'Drama', 'Romance', 'Gay & Lesbian']"
m/big_eden,Big Eden,Steven Rea,True,Fresh,Rotten,2001,"Gross doesn't have the spark of a star, and most everyone else seems to hail straight from central casting.",male,"['Comedy', 'Drama', 'Romance', 'Gay & Lesbian']"
m/big_eden,Big Eden,Joe Baltake,False,Fresh,Fresh,2001,"Personally, I found it irresistible -- not great, but definitely irresistible -- and I certainly enjoyed the company of these caring, enlightened people.",male,"['Comedy', 'Drama', 'Romance', 'Gay & Lesbian']"
m/big_eden,Big Eden,Kim Morgan,False,Fresh,Fresh,2001,"Much here is charming, if not exactly plausible.",mostly_female,"['Comedy', 'Drama', 'Romance', 'Gay & Lesbian']"
m/big_eden,Big Eden,Mack Bates,False,Fresh,Fresh,2001,"In an age when self-acceptance and taking a hold of one's destiny is more relevant than ever, Big Eden may be the right inspirational movie for our evolving times.",male,"['Comedy', 'Drama', 'Romance', 'Gay & Lesbian']"
m/big_eden,Big Eden,Jeff Vice,False,Fresh,Fresh,2001,Surely one of the most genuinely sweet-natured movies around.,male,"['Comedy', 'Drama', 'Romance', 'Gay & Lesbian']"
m/big_eden,Big Eden,Brad Haynes,False,Fresh,Rotten,2001,"Without any true motivation for this love to develop, it's hard to truly believe Bezucha's gay fairy tale.",male,"['Comedy', 'Drama', 'Romance', 'Gay & Lesbian']"
m/big_eden,Big Eden,Rita Kempley,True,Fresh,Fresh,2001,Echoes the mellow sensibilities of the TV series Northern Exposure.,female,"['Comedy', 'Drama', 'Romance', 'Gay & Lesbian']"
m/big_eden,Big Eden,Michael O'Sullivan,True,Fresh,Rotten,2002,"Other than this gay-friendly gimmick, Bezucha's plot is as hoary as they come.",male,"['Comedy', 'Drama', 'Romance', 'Gay & Lesbian']"
m/big_eden,Big Eden,Chris Hewitt,False,Fresh,Rotten,2002,"The characterizations are nifty, but writer/director Thomas Bezucha's stodgy direction holds the story back; there's often a sense that the camera is missing the actors' best work.",mostly_male,"['Comedy', 'Drama', 'Romance', 'Gay & Lesbian']"
m/big_eden,Big Eden,John A. Nesbit,False,Fresh,Fresh,2002,Big Eden focuses on relationships and creates a feel good fable that you won't find in ordinary Montana life.,male,"['Comedy', 'Drama', 'Romance', 'Gay & Lesbian']"
m/big_eden,Big Eden,Liam Lacey,True,Fresh,Rotten,2002,Too concerned with being quirky and endearing and soon runs out of local charm.,male,"['Comedy', 'Drama', 'Romance', 'Gay & Lesbian']"
m/big_eden,Big Eden,John Esther,False,Fresh,Rotten,2002,"Lackluster at 24 frames per second, Writer/Director Thomas Bezucha's debut film, ""Big Eden"" is another love story about falling in love with the wrong guy, all the while not realizing the right guy is in love with you.",male,"['Comedy', 'Drama', 'Romance', 'Gay & Lesbian']"
m/big_eden,Big Eden,Pablo Villaça,False,Fresh,Fresh,2006,"Um belo elenco em uma fantasia aucaradamente otimista que, criada pelo diretor-roteirista Bezucha,  um sonho de respeito de tolerncia. E, por isso mesmo, agradvel de assistir.",male,"['Comedy', 'Drama', 'Romance', 'Gay & Lesbian']"
m/big_eden,Big Eden,John Leonard,True,Fresh,Fresh,2018,"What's subversive about it is that it looks just like any other romantic comedy except that some men love other men. Imagine that: social justice, racial harmony, peaceable kingdoms, and a cup of cappuccino at the general store.",male,"['Comedy', 'Drama', 'Romance', 'Gay & Lesbian']"
m/big_gay_musical,The Big Gay Musical,Avi Offer,False,Fresh,Fresh,2009,"Thoroughly engaging, funny, smart and heartfelt without any dull or contrived moments.",male,"['Comedy', 'Musical & Performing Arts', 'Gay & Lesbian']"
m/big_gay_musical,The Big Gay Musical,Fr. Chris Carpenter,False,Fresh,Fresh,2010,"Thoroughly silly, occasionally overbearing but ultimately entertaining",unknown,"['Comedy', 'Musical & Performing Arts', 'Gay & Lesbian']"
m/big_gay_musical,The Big Gay Musical,Albert Williams,True,Fresh,Fresh,2010,The film is by turns clever and cloying.,male,"['Comedy', 'Musical & Performing Arts', 'Gay & Lesbian']"
m/big_gay_musical,The Big Gay Musical,James Wegg,False,Fresh,Fresh,2010,"Happily, writer/lyricist Fred M. Caruso's ""divine inspiration"" found a largely-talented cast, crew and composer and crafted a show-within-a-show songfest that tackles nearly every pink-triangle issue known to queerdom.",male,"['Comedy', 'Musical & Performing Arts', 'Gay & Lesbian']"
m/big_gay_musical,The Big Gay Musical,Sarah Boslaugh,False,Fresh,Fresh,2010,There's a certain boilerplate quality to The Big Gay Musical but it's also a lot of fun...,female,"['Comedy', 'Musical & Performing Arts', 'Gay & Lesbian']"
m/big_gay_musical,The Big Gay Musical,Rich Cline,False,Fresh,Fresh,2010,A clever script and solid acting raises this colourful gay romantic comedy above most films in the genre,mostly_male,"['Comedy', 'Musical & Performing Arts', 'Gay & Lesbian']"
m/big_gay_musical,The Big Gay Musical,Dennis Schwartz,False,Fresh,Fresh,2011,Clever anti-evangelical musical comedy.,male,"['Comedy', 'Musical & Performing Arts', 'Gay & Lesbian']"
m/birdcage,The Birdcage,Owen Gleiberman,True,Certified-Fresh,Fresh,1996,The beauty of The Birdcage is that its jokes and its message are one and the same. These characters couldn't change themselves if they tried. And only a fool would want them to.,male,"['Comedy', 'Gay & Lesbian']"
m/birdcage,The Birdcage,Roger Ebert,True,Certified-Fresh,Fresh,2000,"What makes Mike Nichols' version more than just a retread is good casting in the key roles, and a wicked screenplay by Elaine May, who keeps the original story but adds little zingers here and there.",male,"['Comedy', 'Gay & Lesbian']"
m/birdcage,The Birdcage,Christopher Null,False,Certified-Fresh,Fresh,2000,It's a rare event when a remake of a film rivals the greatness of the original.,male,"['Comedy', 'Gay & Lesbian']"
m/birdcage,The Birdcage,James Berardinelli,True,Certified-Fresh,Fresh,2000,One of those rare motion pictures with side-splitting laughs where the humor never stays dormant for long.,male,"['Comedy', 'Gay & Lesbian']"
m/birdcage,The Birdcage,Desson Thomson,True,Certified-Fresh,Fresh,2000,"Basically, the movie's an extended setup for a dinner-table comedy of errors, in which the mismatched relatives confront one another in a nerve-racking test of appearances.",unknown,"['Comedy', 'Gay & Lesbian']"
m/birdcage,The Birdcage,Oz,False,Certified-Fresh,Fresh,2000,"This movie is THE definition of average. Not bad, but not good.",male,"['Comedy', 'Gay & Lesbian']"
m/birdcage,The Birdcage,Rob Blackwelder,False,Certified-Fresh,Rotten,2000,The result is a nearly flavorless 118 minutes punctuated with a few hilarious scenes -- mostly owed to the physical comedy of stage actor Nathan Lane.,male,"['Comedy', 'Gay & Lesbian']"
m/birdcage,The Birdcage,Barbara Shulgasser,False,Certified-Fresh,Fresh,2000,"Nathan Lane, I would personally like to send you a big, fat kiss of admiration.",female,"['Comedy', 'Gay & Lesbian']"
m/birdcage,The Birdcage,Steve Rhodes,False,Certified-Fresh,Rotten,2000,"This critic admired Robin Williams's performance as well as some of the minor actors, but found the film's depiction of gay people more insulting to them than funny.",male,"['Comedy', 'Gay & Lesbian']"
m/birdcage,The Birdcage,Madeleine Williams,False,Certified-Fresh,Fresh,2000,"The interchanges and conversation are hilarious, and the comedy continues to build until the movie's implausible but humorous end.",female,"['Comedy', 'Gay & Lesbian']"
m/birdcage,The Birdcage,Alison Macor,False,Certified-Fresh,Fresh,2000,"A bit of a letdown in some ways, The Birdcage nonetheless features some scene-stealing performances.",female,"['Comedy', 'Gay & Lesbian']"
m/birdcage,The Birdcage,Chris Hicks,False,Certified-Fresh,Fresh,2000,"The Birdcage is a funny film, with terrific performances by headliners Robin Williams, as an aging gay man, and Gene Hackman and Dianne Wiest as an uptight conservative couple he hosts at a dinner party while trying to act straight.",mostly_male,"['Comedy', 'Gay & Lesbian']"
m/birdcage,The Birdcage,Susan Wloszczyna,True,Certified-Fresh,Fresh,2000,Far less plastic than most cross-dressing comedies.,female,"['Comedy', 'Gay & Lesbian']"
m/birdcage,The Birdcage,Janet Maslin,True,Certified-Fresh,Fresh,2000,An American remake with plenty of new pizazz.,female,"['Comedy', 'Gay & Lesbian']"
m/birdcage,The Birdcage,Susan Lambert,False,Certified-Fresh,Fresh,2002,This feel-good family comedy with a twist is based on the 1978 French film La Cage aux Folles.,female,"['Comedy', 'Gay & Lesbian']"
m/birdcage,The Birdcage,Edward Guthmann,True,Certified-Fresh,Rotten,2002,A glossy miscalculation with Nathan Lane and Robin Williams.,male,"['Comedy', 'Gay & Lesbian']"
m/birdcage,The Birdcage,Scott Weinberg,False,Certified-Fresh,Fresh,2002,"Broad and fairly belabored, but Williams' ceaseless energy, Hackman's dry wit, and Azaria's insanity save the day.",male,"['Comedy', 'Gay & Lesbian']"
m/birdcage,The Birdcage,Luis Martinez,False,Certified-Fresh,Fresh,2002,"It is not the Broadway classic, but it's ok. Just for fun.",male,"['Comedy', 'Gay & Lesbian']"
m/birdcage,The Birdcage,Alex Sandell,False,Certified-Fresh,Fresh,2003,Pretty funny comedy from the days when Williams didn't feel he had to be either A. TOTALLY CHARMING or B. ABSOLUTELY EVIL.,male,"['Comedy', 'Gay & Lesbian']"
m/birdcage,The Birdcage,Michael Dequina,False,Certified-Fresh,Rotten,2004,[Not] nearly as funny as it has been made out to be.,male,"['Comedy', 'Gay & Lesbian']"
m/birdcage,The Birdcage,Robin Clifford,False,Certified-Fresh,Fresh,2005,Birdcage does a remarkably good job of delivering a movie that puts its own decided spin on the tale.,mostly_male,"['Comedy', 'Gay & Lesbian']"
m/birdcage,The Birdcage,Rob Thomas,False,Certified-Fresh,Fresh,2005,"Broadly funny, with solid performances all around.",male,"['Comedy', 'Gay & Lesbian']"
m/birdcage,The Birdcage,Chuck O'Leary,False,Certified-Fresh,Fresh,2005,"If you like to laugh and laugh hard, don't miss this one. It's a genuine hoot.",male,"['Comedy', 'Gay & Lesbian']"
m/birdcage,The Birdcage,Dennis Schwartz,False,Certified-Fresh,Rotten,2008,Shows no reason why it had to be made again.,male,"['Comedy', 'Gay & Lesbian']"
m/birdcage,The Birdcage,Todd McCarthy,True,Certified-Fresh,Fresh,2009,The Birdcage is a scream.,male,"['Comedy', 'Gay & Lesbian']"
m/birdcage,The Birdcage,Hal Hinson,True,Certified-Fresh,Fresh,2011,"If The Birdcage isn't exactly the Mike Nichols-Elaine May movie of our dreams, it does manage to transform what was formerly a campy bit of French fluff into one of the loopiest, most hysterical family-values movies ever made.",male,"['Comedy', 'Gay & Lesbian']"
m/birdcage,The Birdcage,Caroline Westbrook,False,Certified-Fresh,Fresh,2011,"It undoubtedly remains a genial crowd pleaser. If the dress fits, wear it.",female,"['Comedy', 'Gay & Lesbian']"
m/birdcage,The Birdcage,Jonathan Rosenbaum,True,Certified-Fresh,Fresh,2011,"This isn't the supreme masterpiece it might have been, but Nichols's direction is very polished and some of the lines and details are awfully funny.",male,"['Comedy', 'Gay & Lesbian']"
m/birdcage,The Birdcage,Kevin Carr,False,Certified-Fresh,Fresh,2014,"At its core, it is about human relationships. They're extreme relationships, and they're cross-wired to get an electric reaction, but they're real characters nonetheless.",male,"['Comedy', 'Gay & Lesbian']"
m/birdcage,The Birdcage,James Plath,False,Certified-Fresh,Fresh,2014,Robin Williams plays off of a flaming Nathan Lane with delicious understatement and anchors a farce that moves along at a brisk pace-with or without heels.,male,"['Comedy', 'Gay & Lesbian']"
m/birdcage,The Birdcage,Andrea Beach,False,Certified-Fresh,Fresh,2014,"Campy, comedic romp with lots of profanity.",female,"['Comedy', 'Gay & Lesbian']"
m/birdcage,The Birdcage,Simon Miraudo,False,Certified-Fresh,Fresh,2014,"The Birdcage grossed nearly $200 million worldwide in 1996, and that is significant. Box Office Mojo says it's the highest grossing queer film of all time, though they're not counting Frozen and 300, and they probably should.",male,"['Comedy', 'Gay & Lesbian']"
m/birdcage,The Birdcage,Candice Frederick,False,Certified-Fresh,Fresh,2017,The Birdcage is a little film with knee-slapping scenes coupled with thoughtfully acute moments as well.,female,"['Comedy', 'Gay & Lesbian']"
m/birdcage,The Birdcage,Allyson Ann Allante,False,Certified-Fresh,Fresh,2020,"If you haven't seen Birdcage, check it out on video, or better yet, get gussied up and see it in a theater. Either way, realize and appreciate the very symbolic general public acceptance of the transgender phenomenon (and YOU) this film represents.",female,"['Comedy', 'Gay & Lesbian']"
m/birdcage,The Birdcage,Richard Propes,False,Certified-Fresh,Fresh,2020,"While the film occasionally drifts into stereotypes, they are typically rather harmless and Williams and Lane play off of each other perfectly.",male,"['Comedy', 'Gay & Lesbian']"
m/birdcage,The Birdcage,Mike Massie,False,Certified-Fresh,Fresh,2020,"The dialogue is sensational, the cast is perfect, the directing is sharp (by celebrated filmmaker Mike Nichols), the music is snazzy, and the film concludes quite cleverly.",male,"['Comedy', 'Gay & Lesbian']"
m/black_white_gray_a_portrait_of_sam_wagstaff_and_robert_mapplethorpe,Black White + Gray: A Portrait of Sam Wagstaff and Robert Mapplethorpe,Kam Williams,False,Fresh,Fresh,2007,"Relatively tame retrospective about the relationship of a gay patron of the arts and his famous photographer lover best remembered for graphic, homoerotic snapshots featuring shocking sights like that of a bullwhip in a tight place.",male,"['Documentary', 'Musical & Performing Arts', 'Special Interest', 'Gay & Lesbian']"
m/black_white_gray_a_portrait_of_sam_wagstaff_and_robert_mapplethorpe,Black White + Gray: A Portrait of Sam Wagstaff and Robert Mapplethorpe,Nathan Lee,True,Fresh,Fresh,2007,A modest chronicle of an audacious life.,male,"['Documentary', 'Musical & Performing Arts', 'Special Interest', 'Gay & Lesbian']"
m/black_white_gray_a_portrait_of_sam_wagstaff_and_robert_mapplethorpe,Black White + Gray: A Portrait of Sam Wagstaff and Robert Mapplethorpe,Kent Turner,False,Fresh,Fresh,2007,The film itself is staid in comparison to the descriptions of the '70s high life.,male,"['Documentary', 'Musical & Performing Arts', 'Special Interest', 'Gay & Lesbian']"
m/black_white_gray_a_portrait_of_sam_wagstaff_and_robert_mapplethorpe,Black White + Gray: A Portrait of Sam Wagstaff and Robert Mapplethorpe,Andrew O'Hehir,True,Fresh,Rotten,2007,"Black White & Gray raises provocative questions but can't answer them, or even frame them with total clarity.",male,"['Documentary', 'Musical & Performing Arts', 'Special Interest', 'Gay & Lesbian']"
m/black_white_gray_a_portrait_of_sam_wagstaff_and_robert_mapplethorpe,Black White + Gray: A Portrait of Sam Wagstaff and Robert Mapplethorpe,Noel Murray,True,Fresh,Fresh,2007,"Fine, but a little dry.",male,"['Documentary', 'Musical & Performing Arts', 'Special Interest', 'Gay & Lesbian']"
m/black_white_gray_a_portrait_of_sam_wagstaff_and_robert_mapplethorpe,Black White + Gray: A Portrait of Sam Wagstaff and Robert Mapplethorpe,Rob Humanick,False,Fresh,Fresh,2007,Draws out the unseen riches that exist within what may otherwise appear typical or commonplace.,male,"['Documentary', 'Musical & Performing Arts', 'Special Interest', 'Gay & Lesbian']"
m/black_white_gray_a_portrait_of_sam_wagstaff_and_robert_mapplethorpe,Black White + Gray: A Portrait of Sam Wagstaff and Robert Mapplethorpe,Jack Mathews,True,Fresh,Fresh,2007,Wagstaff was a fascinating figure and deserves the detailed tribute provided here.,male,"['Documentary', 'Musical & Performing Arts', 'Special Interest', 'Gay & Lesbian']"
m/black_white_gray_a_portrait_of_sam_wagstaff_and_robert_mapplethorpe,Black White + Gray: A Portrait of Sam Wagstaff and Robert Mapplethorpe,Stephen Holden,True,Fresh,Fresh,2007,A potent exercise in art-world mythography.,male,"['Documentary', 'Musical & Performing Arts', 'Special Interest', 'Gay & Lesbian']"
m/black_white_gray_a_portrait_of_sam_wagstaff_and_robert_mapplethorpe,Black White + Gray: A Portrait of Sam Wagstaff and Robert Mapplethorpe,Ron Wilkinson,False,Fresh,Fresh,2007,The more famous Mapplethorpe is moved aside to give Sam Wagstaff the spotlight. But the best photography in the world steals the show.,male,"['Documentary', 'Musical & Performing Arts', 'Special Interest', 'Gay & Lesbian']"
m/black_white_gray_a_portrait_of_sam_wagstaff_and_robert_mapplethorpe,Black White + Gray: A Portrait of Sam Wagstaff and Robert Mapplethorpe,David Noh,False,Fresh,Rotten,2007,This ham-handed interpolation of irrelevant footage is the chief demerit of his movie.,male,"['Documentary', 'Musical & Performing Arts', 'Special Interest', 'Gay & Lesbian']"
m/black_white_gray_a_portrait_of_sam_wagstaff_and_robert_mapplethorpe,Black White + Gray: A Portrait of Sam Wagstaff and Robert Mapplethorpe,Kenneth Baker,True,Fresh,Rotten,2008,Wagstaff's character accounts for some of the frustration the film induces. Crumb's documentary style accounts for the rest.,male,"['Documentary', 'Musical & Performing Arts', 'Special Interest', 'Gay & Lesbian']"
m/black_white_gray_a_portrait_of_sam_wagstaff_and_robert_mapplethorpe,Black White + Gray: A Portrait of Sam Wagstaff and Robert Mapplethorpe,Sid Smith,True,Fresh,Fresh,2008,"The movie makes its main point. Wagstaff was an important, complex, fascinating figure, well worth remembering.",mostly_male,"['Documentary', 'Musical & Performing Arts', 'Special Interest', 'Gay & Lesbian']"
m/black_white_gray_a_portrait_of_sam_wagstaff_and_robert_mapplethorpe,Black White + Gray: A Portrait of Sam Wagstaff and Robert Mapplethorpe,Richard Knight,False,Fresh,Fresh,2008,Let's hope this is the springboard for a biopic on the art world's dynamic gay duo - maybe by the time it gets made we'll even have some openly gay actors to play the parts.,male,"['Documentary', 'Musical & Performing Arts', 'Special Interest', 'Gay & Lesbian']"
m/black_white_gray_a_portrait_of_sam_wagstaff_and_robert_mapplethorpe,Black White + Gray: A Portrait of Sam Wagstaff and Robert Mapplethorpe,Rich Cline,False,Fresh,Fresh,2008,"Crump's film is a vitally important document in this respect, bringing out Wagstaff's personality and vividly capturing the stories of the people who knew him.",mostly_male,"['Documentary', 'Musical & Performing Arts', 'Special Interest', 'Gay & Lesbian']"
m/black_white_gray_a_portrait_of_sam_wagstaff_and_robert_mapplethorpe,Black White + Gray: A Portrait of Sam Wagstaff and Robert Mapplethorpe,James Christopher,True,Fresh,Fresh,2008,"This is a terrific documentary by James Crump about the unsung collector, Wagstaff, and his lopsided relationship with his hungry young lover, Mapplethorpe.",male,"['Documentary', 'Musical & Performing Arts', 'Special Interest', 'Gay & Lesbian']"
m/black_white_gray_a_portrait_of_sam_wagstaff_and_robert_mapplethorpe,Black White + Gray: A Portrait of Sam Wagstaff and Robert Mapplethorpe,Sam Jordison,False,Fresh,Fresh,2008,"A well made portrait of an intriguing man, presented with a tragic but resounding weight.",mostly_male,"['Documentary', 'Musical & Performing Arts', 'Special Interest', 'Gay & Lesbian']"
m/black_white_gray_a_portrait_of_sam_wagstaff_and_robert_mapplethorpe,Black White + Gray: A Portrait of Sam Wagstaff and Robert Mapplethorpe,David Jenkins,True,Fresh,Fresh,2008,Crump's film colourfully depicts Wagstaff's complex inner mindset and rarefied eye for imagery by allowing the stunning prints to linger on the screen.,male,"['Documentary', 'Musical & Performing Arts', 'Special Interest', 'Gay & Lesbian']"
m/black_white_gray_a_portrait_of_sam_wagstaff_and_robert_mapplethorpe,Black White + Gray: A Portrait of Sam Wagstaff and Robert Mapplethorpe,Dorothy Woodend,False,Fresh,Fresh,2017,Good taste is examined in all its implications in James Crump's elegant documentary Black White + Gray: A Portrait of Sam Wagstaff and Robert Mapplethorpe.,female,"['Documentary', 'Musical & Performing Arts', 'Special Interest', 'Gay & Lesbian']"
m/born_in_flames,Born in Flames,Jonathan Rosenbaum,True,Fresh,Fresh,2000,"Made piecemeal over a number of years and first released in 1983, this 90-minute comic fantasy has lost little of its radical edge.",male,"['Comedy', 'Drama', 'Science Fiction & Fantasy', 'Gay & Lesbian']"
m/born_in_flames,Born in Flames,Nathan Rabin,True,Fresh,Rotten,2001,Interesting as a historical curio but nearly unwatchable as entertainment.,male,"['Comedy', 'Drama', 'Science Fiction & Fantasy', 'Gay & Lesbian']"
m/born_in_flames,Born in Flames,Marjorie Baumgarten,False,Fresh,Fresh,2003,"Beautifully made, courageously edited, and swift-moving, this challenging, provocative film is a work that is both humanist and revolutionary.",female,"['Comedy', 'Drama', 'Science Fiction & Fantasy', 'Gay & Lesbian']"
m/born_in_flames,Born in Flames,Janet Maslin,True,Fresh,Rotten,2003,"Born in Flames, while inventive, is also much too diffuse and overcrowded.",female,"['Comedy', 'Drama', 'Science Fiction & Fantasy', 'Gay & Lesbian']"
m/born_in_flames,Born in Flames,Emanuel Levy,False,Fresh,Fresh,2006,"Situated at an unspecified future (that seems suspiciously like the present), Lizzie Borden's debut is neither a fatnasy nor an allegory, though it has an interesting feminist idea at its center.",male,"['Comedy', 'Drama', 'Science Fiction & Fantasy', 'Gay & Lesbian']"
m/born_in_flames,Born in Flames,Frances Dickinson,True,Fresh,Fresh,2006,"Borden charts the explosive coming together of the women as they forge their own liberation, handling her story with audacity and making even the driest argument crackle with humour, while the more poignant moments burn with a fierce white heat.",female,"['Comedy', 'Drama', 'Science Fiction & Fantasy', 'Gay & Lesbian']"
m/born_in_flames,Born in Flames,Rob Gonsalves,False,Fresh,Fresh,2007,The uninitiated should expect more passion than polish.,male,"['Comedy', 'Drama', 'Science Fiction & Fantasy', 'Gay & Lesbian']"
m/born_in_flames,Born in Flames,Variety Staff,True,Fresh,Rotten,2008,"Lizzie Borden's 16mm independent production, which took some two years to complete, appears to have all the advantages and the disadvantages of a home movie.",unknown,"['Comedy', 'Drama', 'Science Fiction & Fantasy', 'Gay & Lesbian']"
m/born_in_flames,Born in Flames,Clayton Dillard,False,Fresh,Fresh,2016,"It fuses documentary and dramatic sequences into a free-form narrative that exists somewhere between essay film, political manifesto, and exploitation.",male,"['Comedy', 'Drama', 'Science Fiction & Fantasy', 'Gay & Lesbian']"
m/born_in_flames,Born in Flames,Richard Brody,True,Fresh,Fresh,2016,"Borden's exhilarating collage-like story stages news reports, documentary sequences, and surveillance footage alongside tough action scenes and musical numbers; her violent vision is both ideologically complex and chilling.",male,"['Comedy', 'Drama', 'Science Fiction & Fantasy', 'Gay & Lesbian']"
m/born_in_flames,Born in Flames,Eric Monder,False,Fresh,Fresh,2016,The U.S. premiere of the newly restored Born in Flames gives us all an opportunity to reassess this indie classic.,male,"['Comedy', 'Drama', 'Science Fiction & Fantasy', 'Gay & Lesbian']"
m/born_in_flames,Born in Flames,Alexandra Heller-Nicholas,False,Fresh,Fresh,2018,"As hackneyed as the phrase may be, Born in Flames is a stark, in-your-face reminder that the more things change, the more they stay the same.",female,"['Comedy', 'Drama', 'Science Fiction & Fantasy', 'Gay & Lesbian']"
m/born_in_flames,Born in Flames,Eve Tushnet,False,Fresh,Fresh,2018,"I enjoyed this immensely, largely because of the music and the general ramshackle, hipshot attitude of rebellion.",female,"['Comedy', 'Drama', 'Science Fiction & Fantasy', 'Gay & Lesbian']"
m/born_in_flames,Born in Flames,Eve Tushnet,False,Fresh,Fresh,2020,This is a passionate movie without the self-righteous certainties of so many passionate movies.,female,"['Comedy', 'Drama', 'Science Fiction & Fantasy', 'Gay & Lesbian']"
m/born_in_flames,Born in Flames,Andrea Thompson,False,Fresh,Fresh,2020,"Sisterhood becomes powerful, as does their anger, which practically leaps from every frame as ""Born in Flames"" as it gives a rousing call to action for all women to unite.",female,"['Comedy', 'Drama', 'Science Fiction & Fantasy', 'Gay & Lesbian']"
m/boy_culture,Boy Culture,Ronnie Scheib,True,Fresh,Fresh,2006,"A strong cast, formal visual style and cynical voiceover that propels the action help elevate this Seattle-set gay romp from the ranks of the stereotypical.",mostly_male,"['Comedy', 'Drama', 'Gay & Lesbian']"
m/boy_culture,Boy Culture,James Wegg,False,Fresh,Fresh,2006,X dispenses wisdom with the same enthusiasm as the flash-in-the-pan trick-reel demonstrates his professional conquest.,male,"['Comedy', 'Drama', 'Gay & Lesbian']"
m/boy_culture,Boy Culture,Rich Cline,False,Fresh,Fresh,2006,"It sentimentalises and moralises at times, but the characters remain nicely complicated right to the end.",mostly_male,"['Comedy', 'Drama', 'Gay & Lesbian']"
m/boy_culture,Boy Culture,Don Willmott,False,Fresh,Fresh,2007,raw and real,male,"['Comedy', 'Drama', 'Gay & Lesbian']"
m/boy_culture,Boy Culture,Ed Gonzalez,False,Fresh,Fresh,2007,Boy Culture exhibits a striking density of thought.,male,"['Comedy', 'Drama', 'Gay & Lesbian']"
m/boy_culture,Boy Culture,Kam Williams,False,Fresh,Fresh,2007,"A refreshingly realistic, homoerotic adventure featuring recognizable gay characters actually acting gay, not behaving in some sanitized fashion intended to appeal to straight audiences. The gay version of Jungle Fever!",male,"['Comedy', 'Drama', 'Gay & Lesbian']"
m/boy_culture,Boy Culture,Brian Orndorf,False,Fresh,Fresh,2007,"Boy Culture dares to speak on the gay experience without the need for affectation, and it's a rewarding and often superb viewing experience.",male,"['Comedy', 'Drama', 'Gay & Lesbian']"
m/boy_culture,Boy Culture,Ernest Hardy,False,Fresh,Rotten,2007,"A film made by people just smart enough to acknowledge that the tropes of modern queer filmmaking have been reduced to cliché, but who themselves lack the courage to push beyond tried-and-true box-office formulas.",male,"['Comedy', 'Drama', 'Gay & Lesbian']"
m/boy_culture,Boy Culture,Maitland McDonagh,False,Fresh,Fresh,2007,Shrewder than you'd think and not half as dumb as it looks.,unknown,"['Comedy', 'Drama', 'Gay & Lesbian']"
m/boy_culture,Boy Culture,David Wiegand,True,Fresh,Fresh,2007,"As a character, X is rather reticent and buttoned-up. If he'd stayed that way as a narrator, a rather nice film would have been even better.",male,"['Comedy', 'Drama', 'Gay & Lesbian']"
m/boy_culture,Boy Culture,Kevin Crust,True,Fresh,Fresh,2007,"It is buoyed by some incisive acting and writing and anchored by a standout portrayal from Bauchau, a versatile veteran of international cinema.",male,"['Comedy', 'Drama', 'Gay & Lesbian']"
m/boy_culture,Boy Culture,Phil Hall,False,Fresh,Fresh,2007,A guilty pleasure. Just enjoy the view and don't expect cerebral stimulation.,male,"['Comedy', 'Drama', 'Gay & Lesbian']"
m/boy_culture,Boy Culture,Jeannette Catsoulis,True,Fresh,Fresh,2007,"In a role that could easily have slipped into bitchy smugness, [actor] Magyar gives the character a self-deprecating charm that's enormously appealing.",female,"['Comedy', 'Drama', 'Gay & Lesbian']"
m/boy_culture,Boy Culture,Tom Beer,True,Fresh,Rotten,2007,The overall effect is merely narcotic.,male,"['Comedy', 'Drama', 'Gay & Lesbian']"
m/boy_culture,Boy Culture,David Noh,False,Fresh,Rotten,2007,Direction and performances are not up to the task of making this convincing or moving.,male,"['Comedy', 'Drama', 'Gay & Lesbian']"
m/boy_culture,Boy Culture,Gabriel Shanks,False,Fresh,Fresh,2007,"Brocka leaps into the small circle of leading queer filmmakers of our time, sculpting an unpredictable romance that is complex, sophisticated and thoughtful.",male,"['Comedy', 'Drama', 'Gay & Lesbian']"
m/boy_culture,Boy Culture,Chris Hewitt,False,Fresh,Rotten,2007,"A drab, contrived drama in which men have sex and then complain about it to us.",mostly_male,"['Comedy', 'Drama', 'Gay & Lesbian']"
m/boy_culture,Boy Culture,John Hartl,True,Fresh,Fresh,2007,"Brocka's direction keeps things moving, and the performances he draws from Magyar, Stephens and indie-film veteran Bauchau are always up to speed.",male,"['Comedy', 'Drama', 'Gay & Lesbian']"
m/boy_culture,Boy Culture,Gianni Truzzi,False,Fresh,Rotten,2007,"These self-involved studs manage to make ready, anonymous sex look rather dull.",male,"['Comedy', 'Drama', 'Gay & Lesbian']"
m/boy_culture,Boy Culture,James Reed,True,Fresh,Rotten,2007,You know something's amiss in a movie when an omniscient narrator blathers the entire way through it.,male,"['Comedy', 'Drama', 'Gay & Lesbian']"
m/boy_culture,Boy Culture,Ted Murphy,False,Fresh,Fresh,2007,"BOY CULTURE is a well-made, engrossing and well acted comedy-drama. [The main character] X can easily reside alongside Jon Voight's Joe Buck in MIDNIGHT COWBOY as one of the screen's more memorable hustlers.",male,"['Comedy', 'Drama', 'Gay & Lesbian']"
m/boy_culture,Boy Culture,Tom Long,True,Fresh,Fresh,2007,"Despite cliches, film does click.",male,"['Comedy', 'Drama', 'Gay & Lesbian']"
m/boy_culture,Boy Culture,John Monaghan,True,Fresh,Fresh,2007,Benefits from some assured helming by Q. Allan Brocka and strong performances.,male,"['Comedy', 'Drama', 'Gay & Lesbian']"
m/boy_culture,Boy Culture,David Elliott,False,Fresh,Rotten,2007,"Seattle locales, some spry lines and tiny soundings of depth still leave us in the conceptual grip of 'love' as a system of endless bartering and vanity, with impulsive copulation treated as consecration. Oh, boy.",male,"['Comedy', 'Drama', 'Gay & Lesbian']"
m/boy_culture,Boy Culture,Michael Phillips,True,Fresh,Fresh,2007,"It's a better-than-average gay relationship film, largely because neither plot mechanics nor the same old camp intrude much.",male,"['Comedy', 'Drama', 'Gay & Lesbian']"
m/boy_culture,Boy Culture,Kevin Williamson,False,Fresh,Fresh,2007,"Audiences outside gay cinema will, frankly, probably find it too callow to emotionally invest in. However, for those who do see it, they will likely be surprised, and entertained, by its arch insights and near-camp bearing.",male,"['Comedy', 'Drama', 'Gay & Lesbian']"
m/boy_culture,Boy Culture,Jason Anderson,True,Fresh,Fresh,2007,"Boy Culture is an undemanding but sufficiently engaging serving of smut and sentiment. As such, it reclaims territory that queer cinema has largely ceded to TV shows like Queer as Folk, The L Word and Six Feet Under.",male,"['Comedy', 'Drama', 'Gay & Lesbian']"
m/boy_culture,Boy Culture,Peter Keough,False,Fresh,Rotten,2009,A traditional vapid romantic comedy.,male,"['Comedy', 'Drama', 'Gay & Lesbian']"
m/boy_culture,Boy Culture,Andrea Gronvall,True,Fresh,Fresh,2014,Actor Derek Magyar makes an impressive feature debut in this somber video drama about a financially savvy but emotionally distant male escort.,female,"['Comedy', 'Drama', 'Gay & Lesbian']"
m/boy_culture,Boy Culture,Jonathan Padget,True,Fresh,Rotten,2014,"If anything about this scenario sounds remotely interesting, it's not.",male,"['Comedy', 'Drama', 'Gay & Lesbian']"
m/broadway_damage,Broadway Damage,Michael Dequina,False,Rotten,Rotten,2000,The terrible trio whine their way to a happy ending that is wholly undeserved.,male,"['Art House & International', 'Comedy', 'Gay & Lesbian']"
m/broadway_damage,Broadway Damage,David Noh,False,Rotten,Rotten,2007,"Has got to represent yet another low for the gay indie, New York Style.",male,"['Art House & International', 'Comedy', 'Gay & Lesbian']"
m/broken_hearts_club,The Broken Hearts Club,Frank Swietek,False,Fresh,Rotten,2000,"Unless you want to see a former Superman playing a gay guy, The Broken Hearts Club has disappointingly little to offer.",male,"['Comedy', 'Drama', 'Romance', 'Gay & Lesbian']"
m/broken_hearts_club,The Broken Hearts Club,Roger Ebert,True,Fresh,Fresh,2000,"It's almost the point of The Broken Hearts Club that it doesn't crank up the emotion. It insists on the ordinariness of its characters, on their everyday problems, on the relaxed and chatty ways they pass their time.",male,"['Comedy', 'Drama', 'Romance', 'Gay & Lesbian']"
m/broken_hearts_club,The Broken Hearts Club,Steve Rhodes,False,Fresh,Rotten,2001,An amalgamation of dozens of old television sitcoms.,male,"['Comedy', 'Drama', 'Romance', 'Gay & Lesbian']"
m/broken_hearts_club,The Broken Hearts Club,Nathaniel Rogers,False,Fresh,Rotten,2002,"What we have here is no less than the 30th anniversary rerelease of the infamous 70s gay-angst drama, Boys in the Band.",male,"['Comedy', 'Drama', 'Romance', 'Gay & Lesbian']"
m/broken_hearts_club,The Broken Hearts Club,Dan Lybarger,False,Fresh,Fresh,2002,Light but consistently entertaining ensemble comedy. Dean Cain is a riot.,male,"['Comedy', 'Drama', 'Romance', 'Gay & Lesbian']"
m/broken_hearts_club,The Broken Hearts Club,David Noh,False,Fresh,Fresh,2007,"This gay heart-warmer may have a fuzzy, sitcom-ish appeal for some.",male,"['Comedy', 'Drama', 'Romance', 'Gay & Lesbian']"
m/broken_hearts_club,The Broken Hearts Club,John A. Nesbit,False,Fresh,Rotten,2010,may actually show its strength by being average,male,"['Comedy', 'Drama', 'Romance', 'Gay & Lesbian']"
m/broken_hearts_club,The Broken Hearts Club,David Ehrenstein,False,Fresh,Fresh,2017,"In short, audiences may be buying a ticket to see Dean Cain kiss another guy, but there's a lot more to The Broken Hearts Club than that lovely sight.",male,"['Comedy', 'Drama', 'Romance', 'Gay & Lesbian']"
m/broken_hearts_club,The Broken Hearts Club,Sandra Hall,True,Fresh,Rotten,2020,"It's fun, but its desperate desire to be liked eventually wears you out.",female,"['Comedy', 'Drama', 'Romance', 'Gay & Lesbian']"
m/by_hook_or_by_crook_2002,By Hook or by Crook,Jon Popick,False,Fresh,Fresh,2002,"One of the best independently financed bank-robbery flicks since Bottle Rocket, despite the complete absence of any actual bank robberies.",male,"['Comedy', 'Drama', 'Romance', 'Gay & Lesbian', 'Sports & Fitness']"
m/by_hook_or_by_crook_2002,By Hook or by Crook,Christopher Null,False,Fresh,Rotten,2002,Rather staid and uninteresting road trip.,male,"['Comedy', 'Drama', 'Romance', 'Gay & Lesbian', 'Sports & Fitness']"
m/by_hook_or_by_crook_2002,By Hook or by Crook,Ted Shen,True,Fresh,Fresh,2002,Remarkable debut feature.,male,"['Comedy', 'Drama', 'Romance', 'Gay & Lesbian', 'Sports & Fitness']"
m/by_hook_or_by_crook_2002,By Hook or by Crook,Melissa Anderson,True,Fresh,Fresh,2002,"Refreshingly, this tale of stone butch blues is rarely treatise-like; sexuality never devolves into agitprop.",female,"['Comedy', 'Drama', 'Romance', 'Gay & Lesbian', 'Sports & Fitness']"
m/by_hook_or_by_crook_2002,By Hook or by Crook,Dave Kehr,True,Fresh,Fresh,2002,"By Hook or by Crook is, like its principal characters, a bit messy and maladroit but not without a certain charm.",male,"['Comedy', 'Drama', 'Romance', 'Gay & Lesbian', 'Sports & Fitness']"
m/by_hook_or_by_crook_2002,By Hook or by Crook,Ken Fox,False,Fresh,Fresh,2002,"An appealing, if decidedly unconventional, buddy picture.",male,"['Comedy', 'Drama', 'Romance', 'Gay & Lesbian', 'Sports & Fitness']"
m/by_hook_or_by_crook_2002,By Hook or by Crook,V.A. Musetto,True,Fresh,Rotten,2002,It quickly becomes tiresome and clich-ridden -- not to mention depressing and pointless.,unknown,"['Comedy', 'Drama', 'Romance', 'Gay & Lesbian', 'Sports & Fitness']"
m/by_hook_or_by_crook_2002,By Hook or by Crook,Wesley Morris,True,Fresh,Rotten,2002,"The title ... must be alluding to the possibility that large parts of the movie are begged, borrowed, and stolen from early Gus Van Sant.",male,"['Comedy', 'Drama', 'Romance', 'Gay & Lesbian', 'Sports & Fitness']"
m/by_hook_or_by_crook_2002,By Hook or by Crook,David Noh,False,Fresh,Rotten,2002,"Three weeks may be the ostensible time frame for the plot, but sitting through this nauseatingly whimsical and pointless confection feels like a downright eternity.",male,"['Comedy', 'Drama', 'Romance', 'Gay & Lesbian', 'Sports & Fitness']"
m/by_hook_or_by_crook_2002,By Hook or by Crook,Merle Bertrand,False,Fresh,Fresh,2002,A weirdly compelling train wreck of a film that's as raw around the edges as its protagonists.,mostly_male,"['Comedy', 'Drama', 'Romance', 'Gay & Lesbian', 'Sports & Fitness']"
m/by_hook_or_by_crook_2002,By Hook or by Crook,Moira Sullivan,False,Fresh,Fresh,2003,"It's a buddy movie, albeit the queerest buddy movie ever that makes Midnight Cowboy look tame in comparison.",female,"['Comedy', 'Drama', 'Romance', 'Gay & Lesbian', 'Sports & Fitness']"
m/by_hook_or_by_crook_2002,By Hook or by Crook,Mary Brennan,True,Fresh,Fresh,2003,A ragged but endearing buddy movie.,mostly_female,"['Comedy', 'Drama', 'Romance', 'Gay & Lesbian', 'Sports & Fitness']"
m/by_hook_or_by_crook_2002,By Hook or by Crook,Ren Jender,True,Fresh,Fresh,2019,[By Hook or by Crook] has a topical resonance rare even in recent releases.,andy,"['Comedy', 'Drama', 'Romance', 'Gay & Lesbian', 'Sports & Fitness']"
m/celluloid_closet,The Celluloid Closet,Ken Tucker,True,Fresh,Fresh,1996,"The Celluloid Closet is a first-rate work of cinematic criticism, tracing the ways in which, despite cultural disapproval, gay images, ideas, and implications have slipped into the medium.",male,"['Documentary', 'Television', 'Gay & Lesbian']"
m/celluloid_closet,The Celluloid Closet,Marjorie Baumgarten,False,Fresh,Fresh,2000,The filmmakers have gathered together a staggering array of the moving images that the book could only show in still form or verbal description.,female,"['Documentary', 'Television', 'Gay & Lesbian']"
m/celluloid_closet,The Celluloid Closet,James Berardinelli,True,Fresh,Fresh,2000,"Top-notch entertainment, not only because it's enjoyable, but because it argues its case with an effectiveness that would impress even a top-notch, homophobic attorney.",male,"['Documentary', 'Television', 'Gay & Lesbian']"
m/celluloid_closet,The Celluloid Closet,Joe Baltake,False,Fresh,Fresh,2000,"Even if The Celluloid Closet ... isn't quite the most perfectly political piece of filmmaking that you'd expect (or hoped) it would be, it's still a pretty convincing argument and, what's more, likably entertaining.",male,"['Documentary', 'Television', 'Gay & Lesbian']"
m/celluloid_closet,The Celluloid Closet,Bruce Kirkland,False,Fresh,Fresh,2000,No less than a primer in the power of movies to redefine human nature and behavior.,male,"['Documentary', 'Television', 'Gay & Lesbian']"
m/celluloid_closet,The Celluloid Closet,Steve Rhodes,False,Fresh,Fresh,2000,"Although the film will clearly appeal to homosexuals and to film buffs, I believe that anyone seeing this documentary will find it an absolutely engrossing and fascinating movie.",male,"['Documentary', 'Television', 'Gay & Lesbian']"
m/celluloid_closet,The Celluloid Closet,Stanley Kauffmann,True,Fresh,Fresh,2000,"It's interesting to see how gay and lesbian themes began to be treated openly in films, but it's fascinating to see how -- earlier -- those themes were used subtextually in films that make no overt reference to the real subject.",male,"['Documentary', 'Television', 'Gay & Lesbian']"
m/celluloid_closet,The Celluloid Closet,Lael Loewenstein,False,Fresh,Fresh,2000,A remarkable look at the treatment of gays and lesbians in cinema.,unknown,"['Documentary', 'Television', 'Gay & Lesbian']"
m/celluloid_closet,The Celluloid Closet,Roger Ebert,True,Fresh,Fresh,2000,"Makes it clear Hollywood wanted it both ways: It benefitted from the richness that gays added to films, but didn't want to acknowledge their sexuality.",male,"['Documentary', 'Television', 'Gay & Lesbian']"
m/celluloid_closet,The Celluloid Closet,John A. Nesbit,False,Fresh,Fresh,2001,"this documentary makes it plain that Hollywood has hardly been a leader in social causes,",male,"['Documentary', 'Television', 'Gay & Lesbian']"
m/celluloid_closet,The Celluloid Closet,Patrick Byrne,False,Fresh,Fresh,2002,"Like a scrapbook of movie memorabilia from some of the greatest films ever made, it's a welcome look back at the ever-changing times of the world around us.",male,"['Documentary', 'Television', 'Gay & Lesbian']"
m/celluloid_closet,The Celluloid Closet,Janet Maslin,True,Fresh,Fresh,2003,"Celebrity interviewees and glossy graphics further turn this into a colorful overview with the popular appeal of a ""That's Entertainment!"" and with an even more interestingly gay agenda than the history of Hollywood musical comedy.",female,"['Documentary', 'Television', 'Gay & Lesbian']"
m/celluloid_closet,The Celluloid Closet,Ken Hanke,False,Fresh,Fresh,2003,Entertaining but ultimately shallow.,male,"['Documentary', 'Television', 'Gay & Lesbian']"
m/celluloid_closet,The Celluloid Closet,Michael A. Smith,False,Fresh,Fresh,2005,Rock Hudson was gay? Who knew?,male,"['Documentary', 'Television', 'Gay & Lesbian']"
m/celluloid_closet,The Celluloid Closet,Dennis Schwartz,False,Fresh,Fresh,2005,An engaging documentary touching on Hollywood's on screen treatment of homosexuality.,male,"['Documentary', 'Television', 'Gay & Lesbian']"
m/celluloid_closet,The Celluloid Closet,Mark Bourne,False,Fresh,Fresh,2006,"It's engrossing, brings a healthy sense of humor to the discussion, and enlightening without being bludgeoning.",male,"['Documentary', 'Television', 'Gay & Lesbian']"
m/celluloid_closet,The Celluloid Closet,Emanuel Levy,False,Fresh,Fresh,2006,"Instead of an angry diatribe against Hollywood, the film shrewdly opts for a wity, often campy commentary by gay figures (Gore Vidal), directors (Wyler) and actors (Tom Hanks) who shed light on the context in which these films were made and viewed.",male,"['Documentary', 'Television', 'Gay & Lesbian']"
m/celluloid_closet,The Celluloid Closet,Tom Charity,True,Fresh,Fresh,2006,"A witty, touching study of Hollywood's (mostly on screen) treatment of homosexuality.",male,"['Documentary', 'Television', 'Gay & Lesbian']"
m/celluloid_closet,The Celluloid Closet,David Rooney,True,Fresh,Fresh,2009,"An immensely entertaining, galloping reflection on screen perceptions of lesbians and gay men, from the humorous to the heinous to the heartening.",male,"['Documentary', 'Television', 'Gay & Lesbian']"
m/celluloid_closet,The Celluloid Closet,Rob Nelson,False,Fresh,Rotten,2009,How ironic that a movie about the dangers of the closet would so confine one's freedom of interpretation.,male,"['Documentary', 'Television', 'Gay & Lesbian']"
m/celluloid_closet,The Celluloid Closet,Malcolm Johnson,False,Fresh,Fresh,2019,"Opening the door of the celluloid closet reveals a shifting kaleidoscope that underlines just how influential, for good or bad, the movies can be.",male,"['Documentary', 'Television', 'Gay & Lesbian']"
m/celluloid_closet,The Celluloid Closet,Jonathan Rosenbaum,True,Fresh,Fresh,2020,Lively and absorbing.,male,"['Documentary', 'Television', 'Gay & Lesbian']"
m/celluloid_closet,The Celluloid Closet,Alan Radcliffe,False,Fresh,Fresh,2020,"This intelligent, fascinating film - based on the book by Vito Russo - is well worth a watch and is stuffed full of clips and contributions from stars, directors, screenwriters and academics.",male,"['Documentary', 'Television', 'Gay & Lesbian']"
m/celluloid_closet,The Celluloid Closet,Edward Guthmann,True,Fresh,Fresh,2020,"""The Celluloid Closet"" goes all the way back to the birth of cinema, to an experimental Thomas Edison short of two men dancing, to trace the odd, funny, sad and disgraceful history of homosexual iconography on film.",male,"['Documentary', 'Television', 'Gay & Lesbian']"
m/celluloid_closet,The Celluloid Closet,Stephen Hunter,False,Fresh,Fresh,2020,A fascinating account of how Hollywood has dealt with homosexuals and homosexuality through its history.,male,"['Documentary', 'Television', 'Gay & Lesbian']"
